keys,pr,en
CHARACTER_BC_NAME,The Wringer,
CHARACTER_BC_BLURB, ,
CHARACTER_BHC_NAME,Boatswain Bones,
CHARACTER_BHC_BLURB, ,
CHARACTER_GC_NAME,Scuttler O’Riley,
CHARACTER_GC_BLURB, ,
CHARACTER_EC_NAME,Pinchin’ Parrish,
CHARACTER_EC_BLURB, ,
CHARACTER_NC_NAME,Gut-you Gutierrez,
CHARACTER_NC_BLURB, ,
CHARACTER_PC_NAME,Desmond the Dime,
CHARACTER_PC_BLURB, ,
CHARACTER_RC_NAME,Mary Maker,
CHARACTER_RC_BLURB, ,
CHARACTER_SC_NAME,Sell-Mother Selma,
CHARACTER_SC_BLURB, ,
ACTION_ATTACK_BC_NAME,Basic Attack,
ACTION_ATTACK_BC_DESCRIPTION,Perform a basic attack. Can only hit directly in front of you.,
ACTION_ATTACK_BHC_NAME,Basic Attack,
ACTION_ATTACK_BHC_DESCRIPTION,Perform a basic attack.,
ACTION_ATTACK_GC_NAME,Sling Slop,
ACTION_ATTACK_GC_DESCRIPTION,"Your Attack heals instead of dealing damage. Whenever a target is hit by slung slop, it receives a “No more, please” status that lasts for two turns.",
ACTION_ATTACK_EC_NAME,Basic Attack,
ACTION_ATTACK_EC_DESCRIPTION,Perform a basic attack.,
ACTION_ATTACK_NC_NAME,Basic Attack,
ACTION_ATTACK_NC_DESCRIPTION,Perform a basic attack.,
ACTION_ATTACK_PC_NAME,Throw Hardtack,
ACTION_ATTACK_PC_DESCRIPTION,"Deal damage equal to your POW, then heal for the same amount.",
ACTION_ATTACK_RC_NAME,Basic Attack,
ACTION_ATTACK_RC_DESCRIPTION,Perform a basic attack.,
ACTION_ATTACK_SC_NAME,Basic Attack,
ACTION_ATTACK_SC_DESCRIPTION,Perform a basic attack.,
ACTION_SKILL_BC_NAME,Jaw Cruncher,
ACTION_SKILL_BC_DESCRIPTION,"Take a charging stance. At the beginning of your team’s next turn, deliver a devastating 40-damage punch in front of you.",
ACTION_SKILL_BHC_NAME,Keelhaul Tug,
ACTION_SKILL_BHC_DESCRIPTION,"Drag an enemy cat to the front of its party, no matter the position, dealing 10 damage to it in the process.",
ACTION_SKILL_GC_NAME,Roll the Pot,
ACTION_SKILL_GC_DESCRIPTION,"Reposition the big pot (called Sootgut) onto any other position. While on the spot with Sootgut, a cat receives a 50% reduction to all incoming attack damage.",
ACTION_SKILL_EC_NAME,Powder Satchel,
ACTION_SKILL_EC_DESCRIPTION,Throw a bag of blackpowder onto a spot. Dealing explosive damage to that satchel makes it BLOW for 25 damage to that spot and 15 damage to adjacent spots.,
ACTION_SKILL_NC_NAME,Laser-Focused,
ACTION_SKILL_NC_DESCRIPTION,"Look through the spyglass at a target. Shoot a beam of lens-focused energy, dealing 5 damage and doubling heal or damage received by the target in the next 3 instances.",
ACTION_SKILL_PC_NAME,Peanut Scatter,
ACTION_SKILL_PC_DESCRIPTION,"Scatter some nuts on a spot. If the nuts are not picked up until your next turn, a flock of seagulls will swoop in to fight for the nuts, dealing 20 damage to the cat standing on the spot, and applying 1 Nasty Cuts stack.",
ACTION_SKILL_RC_NAME,Mug Toss,
ACTION_SKILL_RC_DESCRIPTION,"Throw a mug of rum at any cat in the game (Ally or enemy). Target receives a permanent +40% damage bonus and a stack of “Smashed”, which makes them miss their next attack or damaging skill. Target also becomes Flammable.",
ACTION_SKILL_SC_NAME,Two for One,
ACTION_SKILL_SC_DESCRIPTION,"Perform a basic attack, with another basic attack being shot at a random enemy.",
ACTION_BANDAGE_NAME,Bandage,
ACTION_BANDAGE_DESCRIPTION,Heal {character} for {amount} hit points.,
ACTION_CRUNCH_PEANUTS_NAME,Pick Up & Crunch,
ACTION_CRUNCH_PEANUTS_DESCRIPTION,"Crunch on the peanuts, leaving none for the seagulls to fight over, and getting healed for 10 HP.",
ACTION_REPOSITION_NAME,Reposition,
ACTION_REPOSITION_DESCRIPTION,Swap places with an adjacent ally.,
ITEM_BURT_NAME,Burt the Barnacle,
ITEM_BURT_DESCRIPTION,Damage you deal inflicts Nasty Cuts. You get a stack of Nasty Cuts at the end of every turn.,
ITEM_CANNONBALL_NAME,Cannonball Necklace,
ITEM_CANNONBALL_DESCRIPTION,"You can’t be moved, either by yourself or forcefully.",
ITEM_COIN_NAME,Coin with a Bullet Hole,
ITEM_COIN_DESCRIPTION,Damage you deal and receive has 30% chance to deal +50% damage.,
ITEM_PIPE_NAME,Crusty Smoking Pipe,
ITEM_PIPE_DESCRIPTION,Your HP is reduced by 40%. ,
ITEM_TOTEM_NAME,Cursed Totem,
ITEM_TOTEM_DESCRIPTION,"Your HP is 1, but you deal triple damage.",
ITEM_EELSKIN_NAME,Eelskin,
ITEM_EELSKIN_DESCRIPTION,You reflect 30% of the incoming damage onto an adjacent ally.,
ITEM_DAGGER_NAME,Favorite Dagger,
ITEM_DAGGER_DESCRIPTION,You can’t use your basic attack anymore.,
ITEM_SHIV_NAME,Gullbone Shiv,
ITEM_SHIV_DESCRIPTION,"Every time you Attack, you deal flat extra +4 damage.",
ITEM_VEST_NAME,Hardtack Vest,
ITEM_VEST_DESCRIPTION,"First three instances of damage in a fight are negated. After the third hit, the vest cracks and you’re stunned for a turn.",
ITEM_KNUCKLE_NAME,Knuckle'o'Salt,
ITEM_KNUCKLE_DESCRIPTION,Your Attacks make the target move backwards.,
ITEM_BOOT_NAME,Mended Boot,
ITEM_BOOT_DESCRIPTION,Moving is now a free action.,
ITEM_NIPIUM_NAME,Nipium Keepsake,
ITEM_NIPIUM_DESCRIPTION,Start the battle with 3 stacks of Poison. Get a 25% increase to POW.,
ITEM_KEY_NAME,Old Key,
ITEM_KEY_DESCRIPTION,"Your ability gains a cooldown of 1 turn. After using the ability, attack is temporarily stronger.",
ITEM_JERKY_NAME,Pocket of Jerky,
ITEM_JERKY_DESCRIPTION,"When receiving damage, you heal adjacent teammates for 5 HP.",
ITEM_ROPE_NAME,Rope Loop,
ITEM_ROPE_DESCRIPTION,Your Attacks make the target unable to move by itself on their next turn.,
ITEM_SASH_NAME,Sailcloth Sash,
ITEM_SASH_DESCRIPTION,Your HP is increased by 40%.,
ITEM_MIXTURE_NAME,Secret Mixture,
ITEM_MIXTURE_DESCRIPTION,Your heals now inflict a stack of Poison instead of healing.,
ITEM_TOOTH_NAME,Shark Tooth,
ITEM_TOOTH_DESCRIPTION,You can Attack twice in a turn. Your POW is reduced by 30%.,
ITEM_ARMBAND_NAME,Spiked Armband,
ITEM_ARMBAND_DESCRIPTION,"When moving, by yourself or affected by an enemy, deal 5 damage to allies you pass.",
ITEM_ORANGE_NAME,Strange-Looking Orange,
ITEM_ORANGE_DESCRIPTION,"You cannot be healed by others, you heal by 10% of your health every turn.",
OBJECT_PEANUTS_NAME,Peanuts,
OBJECT_SATCHEL_NAME,Powder Satchel,
OBJECT_SOOTGUT_NAME,Sootgut,
STATUS_OBJECT_PEANUTS_DESCRIPTION,"There are peanuts on the ground! If not Picked Up & Crunched this turn, a flock of seagulls will swoop in to fight for them, dealing 20 damage and applying 1 Nasty Cuts stack.",
STATUS_OBJECT_SATCHEL_DESCRIPTION,"There's blackpowder on the ground! Taking explosive damage makes it BLOW for 25 damage, and 15 damage to adjacent spots.",
STATUS_OBJECT_SOOTGUT_DESCRIPTION,"While on the spot with Sootgut, a cat receives a 50% reduction to all incoming attack damage.",
STATUS_PASSIVE_BC_DESCRIPTION,Every 10% of health lost adds 15% to POW and Skill damage. Attack can only hit directly in front of you.,
STATUS_PASSIVE_BHC_DESCRIPTION,"Your attack makes a target stumble backward, shifting positions. As long as you’re above 80% HP, you deal additional 15 damage with your Attack and Skill.",
STATUS_PASSIVE_GC_DESCRIPTION,"Scuttler O’Riley starts the battle with a big pot (called Sootgut) on the same spot. While on the spot with Sootgut, a cat receives a 50% reduction to all incoming attack damage.",
STATUS_PASSIVE_EC_DESCRIPTION,"Every time you deal damage, deal 50% of it to adjacent targets. Every time you TAKE damage, deal 40% of it to adjacent teammates.",
STATUS_PASSIVE_NC_DESCRIPTION,"Every cat in front of Gut-you Gutierrez receives a 25% damage negation buff, ""Watched over"".",
STATUS_PASSIVE_PC_DESCRIPTION,"Attack is a free action you can use every turn. Attack throws a couple hardtack biscuits that deal damage first, then heal for the same amount.",
STATUS_PASSIVE_RC_DESCRIPTION,Allies while standing next to you receive a 25% POW bonus and heal for 5 health at the end of the team’s turn.,
STATUS_PASSIVE_SC_DESCRIPTION,Receive a stackable +5 POW if you haven’t moved from your spot since last turn. Lose all stacks when you move.,
STATUS_FLAMMABLE_NAME,Flammable,
STATUS_FLAMMABLE_DESCRIPTION,"Next instance of sparking damage ignites target, dealing damage and stunning it.",
STATUS_HIGH_SPIRITS_NAME,High Spirits,
STATUS_HIGH_SPIRITS_DESCRIPTION,"You gain a 25% bonus to POW, and heal 5 damage at the end of your team's turn.",
STATUS_IMMOBILIZED_NAME,Immobilized,
STATUS_IMMOBILIZED_DESCRIPTION,You cannot move by yourself this turn.,
STATUS_JAW_CRUNCHER_NAME,Jaw Cruncher,
STATUS_JAW_CRUNCHER_DESCRIPTION,"At the beginning of your team's next turn, deliver a devastating 40-damage punch in front of you.",
STATUS_LASER_FOCUSED_NAME,Laser-Focused,
STATUS_LASER_FOCUSED_DESCRIPTION,Damage and healing received doubled in the next 3 instances.,
STATUS_MUG_TOSS_NAME,Mug Toss,
STATUS_MUG_TOSS_DESCRIPTION,Damage increased by 40%,
STATUS_NASTY_CUTS_NAME,Nasty Cuts,
STATUS_NASTY_CUTS_DESCRIPTION,Every stack of Nasty Cuts deals 5 damage to you at the beginning of your turn. Can’t be removed.,
STATUS_NO_MORE_PLEASE_NAME,No More Please,
STATUS_NO_MORE_PLEASE_DESCRIPTION,"For the next two turns, if you are hit by slung slop, you become stunned and lose your turn.",
STATUS_OLD_KEY_BOOST_NAME,Old Key Boost,
STATUS_OLD_KEY_BOOST_DESCRIPTION,Your next basic attack is stronger. (+50% POW),
STATUS_POISONED_NAME,Poison,
STATUS_POISONED_DESCRIPTION,Take 2 damage at the end of your team's turn. Every stack of Poison beyond the first doubles this damage.,
STATUS_SMASHED_NAME,Smashed,
STATUS_SMASHED_DESCRIPTION,The target's next attack will MISS. ,
STATUS_STUNNED_NAME,Stunned,
STATUS_STUNNED_DESCRIPTION,You lose your next turn.,
STATUS_UNFLINCHING_NAME,Unflinching,
STATUS_UNFLINCHING_DESCRIPTION,You have increased POW. Lose this bonus when you move.,
STATUS_WATCHED_OVER_NAME,Watched Over,
STATUS_WATCHED_OVER_DESCRIPTION,You receive 25% less damage.,
SCENE_LOADOUT_GRID_HEADING,Select yer items!,
SCENE_LOADOUT_INFO_HEADING_POW,Attack[br]Power,
SCENE_LOADOUT_INFO_HEADING_HP,Hit[br]Points,
SCENE_LOADOUT_INFO_HEADING_PASSIVE,Passive Ability,
SCENE_LOADOUT_INFO_HEADING_ITEMS,Equipped Items,
SCENE_LOADOUT_EMBARK_BUTTON,Embark,
SCENE_CUTSCENE1_BLOCK,"You are a rich, bored heir of an expansive(ly dilapidated) family, whose vaults are running dry. Dwindling gold supply would not stop you from pursuing your latest foolish whim.
Space-faring Buccaneering.

Every dingy moon bursts with gold, undiscovered species and titillating substances to bring back and sell, or so you heard. And all it takes is a ship and a crew to prance your way to the prize and escort the bulging treasure chests back with you.",
SCENE_CUTSCENE1_BEGIN_BUTTON,Begin,
SCENE_CUTSCENE3_BLOCK1,"You have overpayed greatly for every trinket, tool, crew member, and the eagerly-sold ship, Mendacity.",
SCENE_CUTSCENE3_BLOCK2,You hope that was enough to earn their loyalty and camaraderie.,
SCENE_CUTSCENE3_BLOCK3,It was not.,
SCENE_CUTSCENE4_BLOCK,"For you hired, from odds and ends, the most backstab-happy, scheming crew of bastards in this stellar cluster. They do not trust you, and they do not trust each other. You would best hope that, when their inevitable mutiny happens, at least some of them will be willing to stay by your side.",
SCENE_DEFEAT_BLOCK,"Whoops.
Game over!",
SCENE_VICTORY_BLOCK,"To the victor go the spoils!
It’s time to lick your wounds,
but be wary, supplies are limited!",
SCENE_CREDITS_HEADING,Credits,
SCENE_CREDITS_BLOCK,"Ut mollis augue vel nibh sagittis, sed cursus quam auctor.
Ut nec mi eu arcu dapibus aliquam.

In blandit orci nec massa condimentum, non consequat metus iaculis.
Nullam maximus arcu sed tempus mattis.
Vestibulum vitae ipsum eget lacus faucibus sagittis a in metus.

Pellentesque congue sem vitae dapibus laoreet.
Donec a eros porta, gravida lectus rutrum, pulvinar quam.
Nam ullamcorper mi sed ante porttitor, ac porttitor enim interdum.
Cras tincidunt elit nec velit bibendum suscipit.
Nullam consectetur justo quis urna condimentum volutpat.

Praesent sodales sapien et tincidunt rutrum.
Nam consequat est vel hendrerit convallis.
Sed lacinia leo non est tempor pretium ultrices vel urna.

Nullam aliquet enim ac velit lacinia, vitae faucibus augue semper.
Cras sed mi tincidunt, laoreet lorem non, mollis diam.
Pellentesque interdum dolor sed ultrices egestas.
Mauris porta purus et tortor vehicula euismod.",
SCENE_CREDITS_MADE_FOR_PRE,Made for,
SCENE_CREDITS_MADE_FOR_POST, ,